scenario,imd_decile,age_group,age_idx,adm_base,adm_cf,adm_diff,adm_attr_frac,death_base,death_cf,death_diff,death_attr_frac,adm_avoided_abs,death_avoided_abs
CF1: decile 10 πₐ,1,Under 1,1,0.01166002539051024,0.00890163509381811,0.0027583902966921304,23.656812093540594,4.5623872969628693e-4,3.480418507038932e-4,1.0819687899239376e-4,23.71497024472675,0.20795159505512392,0.00815682740525742
CF1: decile 10 πₐ,1,1 to 4,2,0.05425738371424643,0.0423455695485466,0.011911814165699836,21.95427304131536,0.0021230102443043574,0.0016556934342767406,4.6731681002761677e-4,22.011990346317972,3.9598233007005903,0.15534930006589043
CF1: decile 10 πₐ,1,5 to 9,3,0.12405543239655119,0.10779285314552997,0.016262579251021217,13.109123024162967,0.004962056065621336,0.004309384859437014,6.526712061843219e-4,13.153241268397398,7.065167846182072,0.28354860252396774
CF1: decile 10 πₐ,1,10 to 14,4,0.034960806408514,0.028109587315868927,0.006851219092645071,19.596856584453942,0.0013620592190505519,0.0010945060243960256,2.6755319465452624e-4,19.64328649682567,2.780984693682924,0.10860276529165024
CF1: decile 10 πₐ,1,15 to 19,5,0.013805119436838667,0.008784236518978474,0.005020882917860193,36.36971734168466,4.183205425939299e-4,2.660104881610832e-4,1.523100544328467e-4,36.40989120170854,1.7329990434520444,0.05257106826795795
CF1: decile 10 πₐ,1,20 to 24,6,0.020988172816586582,0.011562896018517153,0.00942527679806943,44.907562370654766,7.363908228191117e-4,4.053852242679938e-4,3.3100559855111795e-4,44.949718042918455,3.3924957363770476,0.11914080677520365
CF1: decile 10 πₐ,1,25 to 29,7,0.13610799105935464,0.06847972662655862,0.06762826443279603,49.68721079962481,0.006101089069799695,0.003067252821044728,0.003033836248754967,49.72614256317636,28.310485954542177,1.2700219239562025
CF1: decile 10 πₐ,1,30 to 34,8,0.18427387858869898,0.08593392571477858,0.0983399528739204,53.366192553756406,0.009213230283901792,0.0042932159393495924,0.0049200143445522,53.40162128747507,41.450873485412195,2.07381523157645
CF1: decile 10 πₐ,1,35 to 39,9,0.2598911665690281,0.11013507064416239,0.14975609592486572,57.622618691462876,0.014133747533035495,0.005985097519141232,0.008148650013894263,57.653852913730255,57.70769589653839,3.140037900060228
CF1: decile 10 πₐ,1,40 to 44,10,0.37073209323702105,0.1397369221359865,0.23099517110103454,62.30784313386968,0.022968155436287815,0.008650702440485174,0.014317452995802641,62.33610285126437,75.41485848706101,4.6743344738636745
CF1: decile 10 πₐ,1,45 to 49,11,0.5410025339861971,0.18670398631140983,0.3542985476747873,65.48925844473526,0.04095953169375447,0.014124156009014148,0.02683537568474032,65.5168029883315,114.46574496689709,8.669895175635654
CF1: decile 10 πₐ,1,50 to 54,12,0.5767228744502194,0.2052291327310768,0.3714937417191426,64.4146015663557,0.05286339014944503,0.01879609667834189,0.03406729347110314,64.44401952806047,123.69805158748271,11.343549976732445
CF1: decile 10 πₐ,1,55 to 59,13,0.8058972311961783,0.29896341821935046,0.5069338129768278,62.903034450732065,0.09197837266380618,0.03409248506101398,0.0578858876027922,62.934237610805766,157.89578892568179,18.02984463994318
CF1: decile 10 πₐ,1,60 to 64,14,1.355468139935705,0.5777226881206698,0.7777454518150351,57.378364632895504,0.18995767774926067,0.08089741647872596,0.10906026127053471,57.41292616479103,202.91112123024942,28.453448161508547
CF1: decile 10 πₐ,1,65 to 69,15,1.2977005416471608,0.6256088901137783,0.6720916515333825,51.79096640279598,0.22076206535005707,0.10634400664392396,0.11441805870613311,51.8286774155257,141.38864856004986,24.07025091654644
CF1: decile 10 πₐ,1,70 to 74,16,1.8502015255293294,1.0156457677479642,0.8345557577813651,45.10620850032024,0.36555861170244813,0.20050730274285575,0.16505130895959239,45.15043653080134,152.82155923128232,30.223742575839957
CF1: decile 10 πₐ,1,75+,17,3.8878628568542557,2.7236835210860013,1.1641793357682544,29.9439403762872,0.9319364002911131,0.6523636130747806,0.2795727872163325,29.999127314804003,355.9455842049565,85.47883991417523
CF1: decile 10 πₐ,2,Under 1,1,0.0096366100915191,0.007438801332385793,0.0021978087591333073,22.806866089430503,3.769629515740553e-4,2.9018011690531704e-4,8.678283466873824e-5,23.021581910467813,0.1480215161122067,0.005844788226818808
CF1: decile 10 πₐ,2,1 to 4,2,0.04344930468050568,0.034090860780683206,0.009358443899822474,21.538765622689724,0.0016996510289421735,0.0013299322550828954,3.697187738592781e-4,21.752628484529744,2.723058631290346,0.10757834412264722
CF1: decile 10 πₐ,2,5 to 9,3,0.10056620178796025,0.0862723264721688,0.014293875315791446,14.213398797669125,0.004021726741388507,0.003443011630405789,5.787151109827179e-4,14.38971735764712,5.4518353823099055,0.2207280704937568
CF1: decile 10 πₐ,2,10 to 14,4,0.026821484436555448,0.02256501079503989,0.004256473641515556,15.869642307024353,0.0010447274128920852,8.769394762366539e-4,1.6778793665543125e-4,16.060451232053854,1.5237060367765838,0.06006368499186517
CF1: decile 10 πₐ,2,15 to 19,5,0.011150252531246296,0.007466078361829273,0.003684174169417023,33.04117246755516,3.3779775840944736e-4,2.2564405401170082e-4,1.1215370439774655e-4,33.20143535760357,1.1601766868885455,0.03531812211012938
CF1: decile 10 πₐ,2,20 to 24,6,0.018170915342665024,0.011274713437518,0.006896201905147024,37.95186854981846,6.373764752959965e-4,3.9438446125880937e-4,2.4299201403718714e-4,38.12378138436033,2.5250103910799977,0.08897033016614866
CF1: decile 10 πₐ,2,25 to 29,7,0.111425008928104,0.06541184704909114,0.04601316187901286,41.29518347959249,0.004993338969043932,0.002923128822076911,0.002070210146967021,41.459435455939044,19.187443669897203,0.8632756141432874
CF1: decile 10 πₐ,2,30 to 34,8,0.14904802241916223,0.08154597119291279,0.06750205122624944,45.28879359191759,0.007450019963964392,0.004064723280424006,0.003385296683540386,45.440102173081456,28.448418470345466,1.4267171878501235
CF1: decile 10 πₐ,2,35 to 39,9,0.20987576927889193,0.10372469490134359,0.10615107437754834,50.578051359749985,0.011410736212484904,0.005624037437007907,0.005786698775476997,50.712755669047525,41.11993491451663,2.241604038516024
CF1: decile 10 πₐ,2,40 to 44,10,0.3024390060252399,0.1336379460386509,0.16880105998658898,55.81325709439139,0.01873223362613562,0.008254401672604142,0.010477831953531478,55.934770848216296,55.60370889156266,3.45143755498434
CF1: decile 10 πₐ,2,45 to 49,11,0.454044830944586,0.18039446909838025,0.2736503618462057,60.26945869572149,0.03436661915303058,0.01361491387093743,0.020751705282093153,60.38331902736259,88.59572758653466,6.71847249068006
CF1: decile 10 πₐ,2,50 to 54,12,0.5062941902810062,0.19899786818297746,0.3072963220980287,60.695210017612766,0.04639452043918197,0.018181358582866576,0.028213161856315394,60.81140960019125,103.2522764472088,9.479687773512765
CF1: decile 10 πₐ,2,55 to 59,13,0.7290427822142391,0.28922828419337915,0.43981449802086,60.32766646218774,0.08318287638366034,0.03290181435787917,0.05028106202578117,60.44640941949672,137.0797263623489,15.671412049212323
CF1: decile 10 πₐ,2,60 to 64,14,1.2438267723717726,0.5414754346715877,0.702351337700185,56.46697380222141,0.1742628066122488,0.07564083588337575,0.09862197072887305,56.59381519564083,179.0711362431816,25.144606992262645
CF1: decile 10 πₐ,2,65 to 69,15,1.1900090338992722,0.5819463490108473,0.6080626848884249,51.09731670658007,0.20238671685810308,0.09869284800294283,0.10369386885516026,51.235511136761936,124.68484265271707,21.26269880321553
CF1: decile 10 πₐ,2,70 to 74,16,1.7620547644311852,0.9833028990447491,0.7787518653864361,44.1956675301081,0.3480450203790846,0.19366311271005318,0.1543819076690314,44.35687874542245,144.30233045949012,28.60689013742307
CF1: decile 10 πₐ,2,75+,17,3.823470145221227,2.731220731127554,1.092249414093673,28.566965939535933,0.9162452286121948,0.6526443579683137,0.26360087064388116,28.769685496005078,349.94163075939963,84.45407921711758
CF1: decile 10 πₐ,3,Under 1,1,0.008414509682699451,0.0065060888175143515,0.0019084208651850999,22.680119664118813,3.2889000083273804e-4,2.526778075977753e-4,7.621219323496273e-5,23.17254797713403,0.1178196199906224,0.004705089851721089
CF1: decile 10 πₐ,3,1 to 4,2,0.03682917478888643,0.028820697154575022,0.008008477634311405,21.74492825380395,0.0014395263377915725,0.001119422562806141,3.201037749854315e-4,22.236743196829163,2.095193026574898,0.08374615348319488
CF1: decile 10 πₐ,3,5 to 9,3,0.08420677238744655,0.07112602241983995,0.013080749967606595,15.534083063319809,0.0033653612425517524,0.002828171799200623,5.371894433511292e-4,15.962311461809389,4.442299069156844,0.1824326716793165
CF1: decile 10 πₐ,3,10 to 14,4,0.02199056900556452,0.01821958123822173,0.00377098776734279,17.14820460711396,8.559634298381909e-4,7.052719864233517e-4,1.5069144341483924e-4,17.60489270474155,1.1890927481406475,0.04751702037413258
CF1: decile 10 πₐ,3,15 to 19,5,0.009186325005890632,0.006336608545245355,0.0028497164606452775,31.02128934930919,2.781058623587988e-4,1.9074380679613793e-4,8.736205556266087e-5,31.413237686428396,0.8123652288743249,0.024904195642685933
CF1: decile 10 πₐ,3,20 to 24,6,0.017023526242402724,0.011120916819706108,0.005902609422696615,34.67324770818759,5.966605463943826e-4,3.8731320234898704e-4,2.0934734404539555e-4,35.08650694443947,2.1945298199368604,0.07783320161175694
CF1: decile 10 πₐ,3,25 to 29,7,0.10013677357832215,0.0639857941380435,0.03615097944027865,36.10160198740885,0.004483928100312875,0.0028468877142419293,0.0016370403860709458,36.50906859895274,15.1713616864451,0.6870113113651398
CF1: decile 10 πₐ,3,30 to 34,8,0.13073352985522146,0.0780253686712809,0.05270816118394056,40.317247795811284,0.006529344682631883,0.0038722389173938276,0.002657105765238055,40.69483071258255,22.094860349427726,1.1138385308437158
CF1: decile 10 πₐ,3,35 to 39,9,0.18022719109023652,0.09715121515801149,0.08307597593222503,46.09513993403491,0.009790977690858516,0.005244510260335222,0.0045464674305232934,46.43527514895848,31.740899146681823,1.737072150721931
CF1: decile 10 πₐ,3,40 to 44,10,0.25777925522994083,0.12493187777104614,0.1328473774588947,51.535325191468154,0.01595349005703648,0.007682799558014926,0.008270690499021554,51.84251514529051,42.7788187828509,2.663284566352579
CF1: decile 10 πₐ,3,45 to 49,11,0.3804951527322699,0.16914762919691226,0.21134752353535766,55.54539184473379,0.028776418150331388,0.012709099641319927,0.016067318509011462,55.83501888620711,66.2920363357304,5.039733821337861
CF1: decile 10 πₐ,3,50 to 54,12,0.4287025105928543,0.1850519984821291,0.2436505121107252,56.83440289952583,0.03925126317752751,0.01682978612724561,0.0224214770502819,57.12294391360848,78.56538583205936,7.229830875871654
CF1: decile 10 πₐ,3,55 to 59,13,0.6366568596314933,0.2705368335691133,0.36612002606238003,57.506649072201284,0.07258019377496487,0.030633791779944054,0.04194640199502082,57.79317994806651,109.93228062952927,12.59495058249013
CF1: decile 10 πₐ,3,60 to 64,14,1.1222858409989391,0.5081623600862846,0.6141234809126546,54.72077241623465,0.15710337958462126,0.07066552249722767,0.08643785708739359,55.01973115787442,151.98089671278143,21.39130555723167
CF1: decile 10 πₐ,3,65 to 69,15,1.1181806198931952,0.5544578830467728,0.5637227368464224,50.414282524433965,0.19001694315486997,0.0936152086090845,0.09640173454578548,50.733230913632234,114.34932871993875,19.554779171079407
CF1: decile 10 πₐ,3,70 to 74,16,1.7091401406131588,0.9594742600995769,0.7496658805135819,43.86216569956851,0.3373128222769592,0.18812109590996473,0.14919172636699446,44.22948566256898,140.8042628149279,28.021591478592725
CF1: decile 10 πₐ,3,75+,17,3.7164180381680834,2.6804289190350885,1.0359891191329949,27.8760114845331,0.8898554826754953,0.6376685374019221,0.2521869452735732,28.340213684511124,340.0294503812857,82.77209365526186
CF1: decile 10 πₐ,4,Under 1,1,0.00700095464759378,0.005283696400627802,0.0017172582469659782,24.528915460925003,2.729448488584376e-4,2.0331966594651544e-4,6.962518291192215e-5,25.508883279212625,0.08506640532493301,0.003448965256607389
CF1: decile 10 πₐ,4,1 to 4,2,0.030231907516976242,0.023030629198870146,0.0072012783181060955,23.820125521561394,0.0011786773222615284,8.863503339401183e-4,2.9232698832141004e-4,24.80127366500292,1.500966785972693,0.060929890601597966
CF1: decile 10 πₐ,4,5 to 9,3,0.06881100203405906,0.056150175816628005,0.012660826217431052,18.399421376198507,0.0027442466904306693,0.0022145026458404225,5.297440445902468e-4,19.30380553750841,3.401345633007516,0.1423163513766622
CF1: decile 10 πₐ,4,10 to 14,4,0.017856137267216146,0.014302911754921412,0.0035532255122947345,19.89918345228256,6.934603263579032e-4,5.4891143290782e-4,1.4454889345008322e-4,20.84458013759244,0.8846630544698403,0.03598900918540374
CF1: decile 10 πₐ,4,15 to 19,5,0.007808743057826248,0.005402297467323231,0.0024064455905030173,30.817323257821595,2.3587242008468005e-4,1.6123637489304213e-4,7.463604519163792e-5,31.642548613713718,0.5696095989221872,0.01766647371314993
CF1: decile 10 πₐ,4,20 to 24,6,0.015367526926606739,0.010142062461179133,0.005225464465427605,34.00328816981241,5.372946320147165e-4,3.500205224350876e-4,1.8727410957962892e-4,34.85501220762233,1.7037170005403817,0.061059086012896065
CF1: decile 10 πₐ,4,25 to 29,7,0.08548560376733995,0.05560518213559242,0.029880421631747527,34.95374696430867,0.0038183852102866927,0.002451394662609751,0.0013669905476769418,35.800226336365505,10.531152250988539,0.48178656113582247
CF1: decile 10 πₐ,4,30 to 34,8,0.1084221432473954,0.06685262048283672,0.04156952276455868,38.34043629787524,0.005401424502070085,0.0032876078834948824,0.002113816618575203,39.13442866349584,14.554382404490081,0.7400925811431136
CF1: decile 10 πₐ,4,35 to 39,9,0.14892387982486174,0.08299546942703542,0.06592841039782632,44.269871611832706,0.008070089513118163,0.0044390201809490935,0.00363106933216907,44.994164268768785,21.12369734074188,1.1634075375571022
CF1: decile 10 πₐ,4,40 to 44,10,0.21484194033397142,0.10956259175907246,0.10527934857489896,49.003164098798585,0.01326303090244226,0.0066757450110090195,0.006587285891433241,49.6665199673195,28.951455698447354,1.8114807722538169
CF1: decile 10 πₐ,4,45 to 49,11,0.31565161016236926,0.15022401700113047,0.16542759316123878,52.40828427142945,0.02381227847397771,0.011182881471975364,0.012629397002002347,53.0373312062677,44.36865483187457,3.3872786613681365
CF1: decile 10 πₐ,4,50 to 54,12,0.35749235214723957,0.16570364093515377,0.1917887112120858,53.64833962464579,0.03264591630050806,0.014928005483752773,0.017717910816755285,54.2729775254602,53.47721856331885,4.940356412245944
CF1: decile 10 πₐ,4,55 to 59,13,0.551137591870705,0.24860575866520748,0.3025318332054975,54.89225152989935,0.06266618605908991,0.027884391242305816,0.034781794816784097,55.50328973904244,80.25393498823996,9.22671796360823
CF1: decile 10 πₐ,4,60 to 64,14,0.9982163311358799,0.4692732222759436,0.5289431088599363,52.98882540401306,0.13937336233968675,0.0646476901281691,0.07472567221151766,53.61546206325498,117.0847234001847,16.540974851976383
CF1: decile 10 πₐ,4,65 to 69,15,1.0433702727748626,0.5271126498998585,0.5162576228750041,49.47980945460593,0.17685770449248328,0.08818436104121988,0.0886733434512634,50.1382417609249,96.2189510061246,16.52674112891917
CF1: decile 10 πₐ,4,70 to 74,16,1.7101496785707369,0.9592136854427866,0.7509359931279502,43.91054201498593,0.3366474526851006,0.186340998573048,0.1503064541120526,44.64802953749036,134.84292424004076,26.989999134543144
CF1: decile 10 πₐ,4,75+,17,3.7180351430441436,2.6406066723088153,1.0774284707353283,28.97843697768771,0.8879698582118202,0.6224892969217694,0.2654805612900508,29.897474428318034,337.0483101437256,83.04938748996564
CF1: decile 10 πₐ,5,Under 1,1,0.005834115780923774,0.004288812828648334,0.00154530295227544,26.4873549018041,2.2614671702066174e-4,1.631667065460288e-4,6.298001047463293e-5,27.849181851655537,0.06436777323191094,0.0026233581100749558
CF1: decile 10 πₐ,5,1 to 4,2,0.025358225842045147,0.018797152425094436,0.006561073416950711,25.873550688519142,9.830268410919187e-4,7.152742219867708e-4,2.677526191051479e-4,27.23756950601021,1.1500828932780012,0.04693404375991978
CF1: decile 10 πₐ,5,5 to 9,3,0.05942990967444669,0.04700475679142076,0.012425152883025932,20.90723837725842,0.002358539748132076,0.0018346767865730323,5.238629615590437e-4,22.211326392694225,2.8076163597245625,0.1183732896466978
CF1: decile 10 πₐ,5,10 to 14,4,0.015575917820579882,0.012104623804367581,0.0034712940162123004,22.28628871953734,6.017754336988127e-4,4.595639878565082e-4,1.4221144584230448e-4,23.631979286392905,0.7353706218055078,0.030126551904994227
CF1: decile 10 πₐ,5,15 to 19,5,0.0064646670164209595,0.004451029725131819,0.002013637291289141,31.148352825818908,1.942533553489782e-4,1.31397562277559e-4,6.28557930714192e-5,32.35763570647112,0.3988901688634902,0.012451377425700844
CF1: decile 10 πₐ,5,20 to 24,6,0.011857778079307778,0.007832897918653757,0.004024880160654021,33.94295401494798,4.122293703793856e-4,2.6723242747455847e-4,1.4499694290482713e-4,35.17385060928157,1.0469497944608965,0.03771653155183624
CF1: decile 10 πₐ,5,25 to 29,7,0.06562143498840793,0.043046524311008555,0.022574910677399376,34.40173272862327,0.0029143884537432504,0.0018759403854448574,0.001038448068298393,35.63176579857112,6.331790822769752,0.2912629884891401
CF1: decile 10 πₐ,5,30 to 34,8,0.08429668988823576,0.05286443838820152,0.03143225150003424,37.28764621921513,0.004175654839962287,0.0025707328628205395,0.0016049219771417478,38.43521647867434,8.877346522172903,0.45327483244789624
CF1: decile 10 πₐ,5,35 to 39,9,0.11858159076353793,0.0682391681549326,0.05034242260860533,42.453826335482816,0.006389217525466068,0.003608052726125089,0.0027811647993409793,43.52903604010734,13.461614530133476,0.7436862696215301
CF1: decile 10 πₐ,5,40 to 44,10,0.1749155714707641,0.09290281027794788,0.08201276119281621,46.88705556813395,0.010736866625718407,0.005595983388700895,0.005140883237017512,47.88066589840436,19.378239219892233,1.2147044401327323
CF1: decile 10 πₐ,5,45 to 49,11,0.26330028959976526,0.13152232779240464,0.13177796180736062,50.048544195554165,0.01974882698499822,0.009678006485466751,0.010070820499531468,50.99452492637438,31.339123160855113,2.3950187090240176
CF1: decile 10 πₐ,5,50 to 54,12,0.2954149160265013,0.1452918224646852,0.15012309356181608,50.81770940379623,0.026817496956831097,0.012936670652613984,0.013880826304217112,51.7603351519401,37.5266985829944,3.4698298072758837
CF1: decile 10 πₐ,5,55 to 59,13,0.4618830630207965,0.22316319453830163,0.23871986848249488,51.68404897144852,0.052207075768971975,0.02474003443185648,0.027467041337115496,52.61172155794229,57.4859633909809,6.614318878446286
CF1: decile 10 πₐ,5,60 to 64,14,0.8633433497505432,0.4241702587324135,0.4391730910181297,50.868879819949456,0.11983786178604142,0.057764097594091506,0.06207376419194991,51.798123954161035,89.28165645395907,12.619280649781329
CF1: decile 10 πₐ,5,65 to 69,15,0.9487414985454001,0.4935564958920127,0.4551850026533874,47.977768797008665,0.15990242004691474,0.08164163030935717,0.07826078973755757,48.9428425877458,80.11642591946176,13.774563588119886
CF1: decile 10 πₐ,5,70 to 74,16,1.646069794546865,0.9325913482683537,0.7134784462785113,43.344361742262564,0.32216954948435345,0.17913325110287107,0.14303629838148238,44.397832945546305,124.21739137618277,24.902778703026648
CF1: decile 10 πₐ,5,75+,17,3.6875174994453697,2.5715314856963425,1.1159860137490272,30.263883870839386,0.8756541935566196,0.5995121173046158,0.2761420762520037,31.535516906554783,341.84469316659016,84.58681575195831
CF1: decile 10 πₐ,6,Under 1,1,0.004725684329535205,0.0034575153250681035,0.0012681690044671011,26.835668995940576,1.8163883945058342e-4,1.3028106847827418e-4,5.1357770972309245e-5,28.274663682973827,0.04605591771056552,0.0018651530398290117
CF1: decile 10 πₐ,6,1 to 4,2,0.02103523991935428,0.01549048921140985,0.005544750707944432,26.359341415653503,8.086157511336085e-4,5.838123382877226e-4,2.2480341284588593e-4,27.801018287206404,0.8663806836360072,0.03512607595253462
CF1: decile 10 πₐ,6,5 to 9,3,0.05079121030481395,0.03956809082446313,0.011223119480350818,22.09657815397067,0.0020005886217883107,0.0015301485456887171,4.7044007609959356e-4,23.515083059858195,2.2815089447141164,0.09563412769973131
CF1: decile 10 πₐ,6,10 to 14,4,0.013628890470756102,0.01046248025433751,0.003166410216418591,23.23307405847048,5.22446312115723e-4,3.934978884696075e-4,1.2894842364611552e-4,24.68166023106182,0.6158892014704138,0.025081381198959557
CF1: decile 10 πₐ,6,15 to 19,5,0.0054271313341107946,0.0037896616056672036,0.001637469728443591,30.17192007408609,1.617923026682741e-4,1.1081403588324994e-4,5.0978266785024165e-5,31.508462358401495,0.2945134145660864,0.009168892199179107
CF1: decile 10 πₐ,6,20 to 24,6,0.009649595707319748,0.006524506830428487,0.0031250888768912617,32.38569751187306,3.3264930584817347e-4,2.2043158436207277e-4,1.122177214861007e-4,33.73454250865585,0.7255789997544937,0.026054562067882724
CF1: decile 10 πₐ,6,25 to 29,7,0.05300570256409891,0.035741339029030476,0.017264363535068432,32.57076635139573,0.002334255119369167,0.0015424035711998592,7.918515481693076e-4,33.92309356413903,4.303431717911946,0.1973822586246861
CF1: decile 10 πₐ,6,30 to 34,8,0.06723564289295772,0.04378438265286126,0.023451260240096458,34.87920875157238,0.0033028310106097488,0.0021093238304498384,0.0011935071801599103,36.135883922791805,5.855513228687122,0.2980051822550017
CF1: decile 10 πₐ,6,35 to 39,9,0.09563151035379629,0.057204216847876806,0.03842729350591948,40.18266925175048,0.0051091942034054896,0.002995060101106569,0.0021141341022989204,41.3790123869193,9.203390848838744,0.5063380913703573
CF1: decile 10 πₐ,6,40 to 44,10,0.14335596724191269,0.08086214203953977,0.06249382520237291,43.593459278130226,0.00872568501339748,0.004823322956793449,0.003902362056604031,44.72270143389678,13.68232736773144,0.854378732506243
CF1: decile 10 πₐ,6,45 to 49,11,0.21512035987642777,0.11563849710396452,0.09948186277246325,46.2447454204748,0.015998508924729673,0.008426450738210882,0.007572058186518791,47.329774431755276,22.08742416060103,1.6811834466441686
CF1: decile 10 πₐ,6,50 to 54,12,0.24154614118274664,0.1280976568257394,0.11344848435700725,46.96762440563084,0.021737947697017007,0.011294223485016857,0.01044372421200015,48.04374524018793,26.6954256939491,2.45750011778211
CF1: decile 10 πₐ,6,55 to 59,13,0.38348111941604096,0.20065392208002436,0.1828271973360166,47.67567112936955,0.04297155835407701,0.022028551534943038,0.020943006819133973,48.736903247882715,42.002312280471905,4.811399645822976
CF1: decile 10 πₐ,6,60 to 64,14,0.7224583235099151,0.38182571712638685,0.34063260638352827,47.149101242080626,0.09942689591173205,0.051496959343123844,0.04792993656860821,48.206208319285,66.44178881290587,9.34893097028375
CF1: decile 10 πₐ,6,65 to 69,15,0.8302723191823025,0.4534854436274259,0.3767868755548766,45.38111976633846,0.13876887379510452,0.07430272782451486,0.06446614597058967,46.455767930908934,64.66436795842769,11.063714939022026
CF1: decile 10 πₐ,6,70 to 74,16,1.5235134998156523,0.8918508013479655,0.6316626984676869,41.46091902330495,0.2956890392335007,0.16969993124520152,0.12598910798829918,42.60865005848515,110.63169538210221,22.06618920230149
CF1: decile 10 πₐ,6,75+,17,3.47302734626371,2.4322780121603085,1.0407493341034013,29.96663228762197,0.8178956078155666,0.5618251280284968,0.25607047978706976,31.308455179381895,320.04787304448047,78.74596669901771
CF1: decile 10 πₐ,7,Under 1,1,0.003335179254668132,0.0023320640565971723,0.0010031151980709595,30.07680012002158,1.2578212999595515e-4,8.641111635337108e-5,3.9371013642584065e-5,31.300959559080567,0.03389338864900204,0.0013302730030004667
CF1: decile 10 πₐ,7,1 to 4,2,0.01507184380741312,0.010598790690910524,0.004473053116502597,29.678207747233394,5.685352215596476e-4,3.9281107306967744e-4,1.7572414848997014e-4,30.908225528738704,0.6539916591808381,0.02569209987806968
CF1: decile 10 πₐ,7,5 to 9,3,0.03902072272307194,0.028829835294155493,0.01019088742891645,26.11660348077265,0.001510062027936837,0.0010963234723159504,4.137385556208866e-4,27.398778855870447,1.9773765274132726,0.08027926067058898
CF1: decile 10 πₐ,7,10 to 14,4,0.010649068240989884,0.0077759576805129195,0.0028731105604769642,26.97992439768509,4.00897794128349e-4,2.8756597798501246e-4,1.1333181614333655e-4,28.26950355008761,0.5400638250214969,0.021303187898499287
CF1: decile 10 πₐ,7,15 to 19,5,0.004053924092637169,0.0028143654393748955,0.0012395586532622737,30.576760317579428,1.1866190237668015e-4,8.090638603277415e-5,3.775551634390601e-5,31.817723791461688,0.21647440844048094,0.006593558961007588
CF1: decile 10 πₐ,7,20 to 24,6,0.0063466886566715015,0.004211175435666714,0.0021355132210047877,33.647675764904314,2.1462289828807883e-4,1.3983523234367185e-4,7.478766594440697e-5,34.846079584678236,0.4375335563855836,0.015322833468123971
CF1: decile 10 πₐ,7,25 to 29,7,0.03494449683120044,0.022965108290260845,0.011979388540939596,34.2811876754331,0.0015094607740721985,9.740110462137004e-4,5.354497278584981e-4,35.4729143715322,2.6149897295093116,0.11688372359184747
CF1: decile 10 πₐ,7,30 to 34,8,0.045105068913989195,0.029054905418435157,0.016050163495554038,35.583946288077016,0.002174898735237265,0.0013777640540918441,7.971346811454208e-4,36.65157684035618,3.5538742954309153,0.17650390004462943
CF1: decile 10 πₐ,7,35 to 39,9,0.06604624319932978,0.03978585440942669,0.02626038878990309,39.76060941217861,0.0034614746614717883,0.0020474095451386257,0.0014140651163331627,40.85152296714819,5.8321092948314845,0.3140464665029827
CF1: decile 10 πₐ,7,40 to 44,10,0.10220593996943206,0.05832338223418601,0.04388255773524605,42.935427968639125,0.006102978890797196,0.003419471922259715,0.0026835069685374807,43.97044486888189,9.198991650327002,0.5625369046650489
CF1: decile 10 πₐ,7,45 to 49,11,0.158768886448477,0.08713412963357274,0.07163475681490426,45.11888847828562,0.011582755301424993,0.006241201989911043,0.00534155331151395,46.1164306117802,15.88869228605188,1.1847642215842424
CF1: decile 10 πₐ,7,50 to 54,12,0.17626286890238116,0.09628241508981836,0.0799804538125628,45.3756677799554,0.015557475675505408,0.00834497721572192,0.0072124984597834885,46.36033897928097,19.04037670381307,1.7170281125408982
CF1: decile 10 πₐ,7,55 to 59,13,0.28431797559513894,0.15372818029557805,0.13058979529956088,45.93089656966227,0.03124976213434356,0.016592827125935364,0.014656935008408197,46.902549035085904,30.44232182989154,3.4167381267597925
CF1: decile 10 πₐ,7,60 to 64,14,0.5401742181623527,0.29356871230125914,0.24660550586109353,45.65295742918533,0.07293183935318212,0.038933561852648534,0.03399827750053359,46.61650906114188,49.41219317122249,6.812213902034506
CF1: decile 10 πₐ,7,65 to 69,15,0.6487820276124129,0.3583306724253273,0.2904513551870856,44.76871165127332,0.10642036411654036,0.05774627456327918,0.048674089553261184,45.73757095959421,51.904714858516,8.698237051201154
CF1: decile 10 πₐ,7,70 to 74,16,1.2613497368534148,0.7330428643747194,0.5283068724786953,41.884249629021916,0.24028894898001976,0.13722860818126856,0.1030603407987512,42.89017086978926,98.267129764521,19.169623585116327
CF1: decile 10 πₐ,7,75+,17,2.9114919445716634,1.9667548954332013,0.9447370491384621,32.448554456758124,0.6732014692863649,0.44714047076752694,0.22606099851883799,33.57999184976179,307.7222794557971,73.6331933035845
CF1: decile 10 πₐ,8,Under 1,1,0.002484120648010598,0.0018173592299484456,6.667614180621525e-4,26.840943437917424,9.24561865360865e-5,6.689265495530399e-5,2.556353158078251e-5,27.649346721438516,0.022269553435160995,8.538112990763892e-4
CF1: decile 10 πₐ,8,1 to 4,2,0.011561374520903406,0.00849440365946287,0.0030669708614405357,26.527735572403916,4.3041173401642025e-4,3.127284858167744e-4,1.1768324819964583e-4,27.342016701421112,0.4519058815446802,0.017340155620429742
CF1: decile 10 πₐ,8,5 to 9,3,0.03195082767250469,0.02436950268749495,0.007581324985009741,23.728102015754214,0.0012206569247271656,9.20293894001298e-4,3.003630307258676e-4,24.606670772215793,1.5118055312505856,0.059895927444399456
CF1: decile 10 πₐ,8,10 to 14,4,0.008958016801150484,0.00677989455049458,0.0021781222506559034,24.31478193227061,3.329013133064406e-4,2.4902991598751875e-4,8.387139731892186e-5,25.19407222695964,0.42779067206499427,0.016472629768731893
CF1: decile 10 πₐ,8,15 to 19,5,0.003218597666381559,0.002379167661605597,8.394300047759621e-4,26.080613105013327,9.297112960021932e-5,6.791828774318287e-5,2.505284185703645e-5,26.946904877637788,0.1513606738785562,0.004517368934251996
CF1: decile 10 πₐ,8,20 to 24,6,0.004434618433715714,0.0031385546893997807,0.0012960637443159332,29.2260487274883,1.479328301245795e-4,1.0348999632619361e-4,4.444283379838588e-5,30.042576594363123,0.25130552798244393,0.008617423226073081
CF1: decile 10 πₐ,8,25 to 29,7,0.024712412059566764,0.017441105610253284,0.0072713064493134805,29.423701870083473,0.0010529834514200857,7.345573255040232e-4,3.1842612591606253e-4,30.240373244861857,1.5239018324822395,0.06673493411070894
CF1: decile 10 πₐ,8,30 to 34,8,0.03245820086606649,0.02256488068792962,0.00989332017813687,30.480186560432156,0.0015455564460341248,0.0010639282766107888,4.8162816942333604e-4,31.162120973270625,2.107975631680245,0.10262080134824393
CF1: decile 10 πₐ,8,35 to 39,9,0.048802594911926664,0.03180969277833465,0.016992902133592017,34.81966924967588,0.0025233392587807758,0.0016256345254106379,8.977047333701379e-4,35.576061769985294,3.7315779390388903,0.1971326117504504
CF1: decile 10 πₐ,8,40 to 44,10,0.07752561813750003,0.04879014901243586,0.028735469125064167,37.06577234134234,0.004567027250059292,0.0028407992420273706,0.0017262280080319217,37.79762881882324,6.216488964702012,0.37344361130091747
CF1: decile 10 πₐ,8,45 to 49,11,0.12035911580651748,0.07384016102876846,0.04651895477774902,38.650130042937725,0.008662294976217382,0.005252639418654167,0.0034096555575632154,39.36203473703606,10.803099069533875,0.7918244714939522
CF1: decile 10 πₐ,8,50 to 54,12,0.13280079366221356,0.08066994765286889,0.05213084600934467,39.25492052550715,0.011563637553237503,0.006944375571347716,0.004619261981889787,39.94644384713113,12.988326144562498,1.1508825534350253
CF1: decile 10 πₐ,8,55 to 59,13,0.21654345348830342,0.13059515101408758,0.08594830247421584,39.691018633753494,0.02348254785140985,0.014001440072210245,0.009481107779199603,40.37512385450276,21.007585721240456,2.317383574429608
CF1: decile 10 πₐ,8,60 to 64,14,0.4085341011677501,0.24723879733831483,0.16129530382943524,39.48147862525803,0.05442965368671518,0.03257157722185037,0.02185807646486481,40.1583970948538,33.7763938217895,4.577238030716491
CF1: decile 10 πₐ,8,65 to 69,15,0.5059057068968117,0.30664595753439716,0.19925974936241453,39.38673682585222,0.08190409400386003,0.0490925012074023,0.032811592796457734,40.06099230511159,37.44667137919451,6.166247507629657
CF1: decile 10 πₐ,8,70 to 74,16,1.0295442193941529,0.6483906754220847,0.38115354397206813,37.021580694840125,0.19361600040076993,0.12060512785906712,0.07301087254170281,37.709111019014976,75.93252170605687,14.545056058713365
CF1: decile 10 πₐ,8,75+,17,2.41653905566135,1.7227856227141896,0.6937534329471604,28.708554547126752,0.5517726528658866,0.38925065561048805,0.16252199725539856,29.45452196865237,241.79071583442072,56.64304951729957
CF1: decile 10 πₐ,9,Under 1,1,0.00198467606743221,0.0016401198411989187,3.445562262332912e-4,17.360829401196987,7.340220894284305e-5,6.031264864276321e-5,1.3089560300079841e-5,17.832651753399468,0.010982858155180993,4.172346141036734e-4
CF1: decile 10 πₐ,9,1 to 4,2,0.009600750623222892,0.007956517233678406,0.0016442333895444854,17.126092053337075,3.5518189694572384e-4,2.9266272575902765e-4,6.25191711866962e-5,17.6020151151594,0.2372947711935624,0.009022729082316116
CF1: decile 10 πₐ,9,5 to 9,3,0.028853138778990588,0.02445744043711343,0.0043956983418771585,15.23473191442827,0.0010954871038245237,9.229115731462608e-4,1.7257553067826284e-4,15.7533146739723,0.8889044240340185,0.0348984713619853
CF1: decile 10 πₐ,9,10 to 14,4,0.008417282197150197,0.007109803329686218,0.001307478867463979,15.53326640167353,3.1090313810335537e-4,2.6099239283805536e-4,4.991074526530001e-5,16.053471048821606,0.26655493204183117,0.010175273683890507
CF1: decile 10 πₐ,9,15 to 19,5,0.002792961225230077,0.0023493877414007317,4.4357348382934514e-4,15.881834657149769,8.015754729861163e-5,6.701051766775042e-5,1.3147029630861215e-5,16.401486914119847,0.0803594910169753,0.0023817668279007406
CF1: decile 10 πₐ,9,20 to 24,6,0.0033436833615177524,0.0027166453103748874,6.27038051142865e-4,18.752913579060973,1.1080146765120534e-4,8.948365482766504e-5,2.13178128235403e-5,19.239648422931694,0.11143352291576167,0.003788476599555926
CF1: decile 10 πₐ,9,25 to 29,7,0.018452188735562976,0.014868005561389624,0.0035841831741733523,19.42416276756124,7.810001621669998e-4,6.255186841131614e-4,1.5548147805383833e-4,19.907995617111286,0.6780001386635898,0.029411572611501728
CF1: decile 10 πₐ,9,30 to 34,8,0.02483358991965545,0.019944276695817113,0.004889313223838336,19.688306200017063,0.0011759917968239798,9.399874901589912e-4,2.360043066649886e-4,20.068533411743967,0.9585272408040436,0.046267552625289254
CF1: decile 10 πₐ,9,35 to 39,9,0.03817109304799455,0.02970434703591453,0.008466746012080018,22.181041557899135,0.0019607908053909063,0.0015166368732129588,4.4415393217794755e-4,22.65177554672388,1.790078935029772,0.09390509609807718
CF1: decile 10 πₐ,9,40 to 44,10,0.06352135820027396,0.047988123051472195,0.015533235148801769,24.453562689619528,0.0037176160804780504,0.002791498564086456,9.261175163915946e-4,24.91159647320292,3.4017811580557593,0.2028198947113311
CF1: decile 10 πₐ,9,45 to 49,11,0.09834431705423864,0.07299544543893399,0.02534887161530465,25.7756343981974,0.007031277028351872,0.005187428758895076,0.0018438482694567958,26.223519028221148,6.013126771105686,0.43738804469045783
CF1: decile 10 πₐ,9,50 to 54,12,0.10609862877914224,0.07851975659071088,0.027578872188431358,25.993617924921804,0.009178240399207968,0.006752510909880563,0.0024257294893274047,26.429134385461637,6.989018893851332,0.6147267051548659
CF1: decile 10 πₐ,9,55 to 59,13,0.17503981765581433,0.12764131353993097,0.047398504115883366,27.078698293141716,0.018858603377044463,0.013671262532333268,0.0051873408447111954,27.506495263723817,11.723237149824286,1.2830030827732553
CF1: decile 10 πₐ,9,60 to 64,14,0.3269773765722129,0.23965144138512282,0.08732593518709006,26.707026676447796,0.04328540499916575,0.03154172049866294,0.01174368450050281,27.130818114625814,18.40790752192823,2.4755149519877846
CF1: decile 10 πₐ,9,65 to 69,15,0.4084157822784294,0.3008855737577784,0.10753020852065098,26.328612454879224,0.06570329886776323,0.04812537431734991,0.01757792455041332,26.753488566519728,20.440445049676214,3.341392207856408
CF1: decile 10 πₐ,9,70 to 74,16,0.8784906876370998,0.6565734207904584,0.22191726684664137,25.261197411612667,0.16418891476551908,0.12201939772066524,0.042169517044853846,25.68353478983452,45.46163423605308,8.638783214327272
CF1: decile 10 πₐ,9,75+,17,2.154210883056148,1.7522724672223977,0.40193841583375045,18.6582668853444,0.48894000207040805,0.3955701945749586,0.09336980749544943,19.096373195090724,145.4143196144784,33.77957043822713
CF1: decile 10 πₐ,10,Under 1,1,0.001691784523847859,0.001691784523847859,0,0,6.265160251766198e-5,6.265160251766198e-5,0,0,0,0
CF1: decile 10 πₐ,10,1 to 4,2,0.00891459045632488,0.00891459045632488,0,0,3.3025387034028327e-4,3.3025387034028327e-4,0,0,0,0
CF1: decile 10 πₐ,10,5 to 9,3,0.030094252592787245,0.030094252592787245,0,0,0.0011443571992923386,0.0011443571992923386,0,0,0,0
CF1: decile 10 πₐ,10,10 to 14,4,0.009898315036639484,0.009898315036639484,0,0,3.6646526385619927e-4,3.6646526385619927e-4,0,0,0,0
CF1: decile 10 πₐ,10,15 to 19,5,0.0035917762602823847,0.0035917762602823847,0,0,1.0335450979432968e-4,1.0335450979432968e-4,0,0,0,0
CF1: decile 10 πₐ,10,20 to 24,6,0.003167777813725341,0.003167777813725341,0,0,1.0514213637889462e-4,1.0514213637889462e-4,0,0,0,0
CF1: decile 10 πₐ,10,25 to 29,7,0.014400959549175203,0.014400959549175203,0,0,6.103320790897489e-4,6.103320790897489e-4,0,0,0,0
CF1: decile 10 πₐ,10,30 to 34,8,0.019137525767617545,0.019137525767617545,0,0,9.082360089393127e-4,9.082360089393127e-4,0,0,0,0
CF1: decile 10 πₐ,10,35 to 39,9,0.03248863394612613,0.03248863394612613,0,0,0.0016713393072454294,0.0016713393072454294,0,0,0,0
CF1: decile 10 πₐ,10,40 to 44,10,0.059071923863427106,0.059071923863427106,0,0,0.0034626410298976723,0.0034626410298976723,0,0,0,0
CF1: decile 10 πₐ,10,45 to 49,11,0.09449038714447712,0.09449038714447712,0,0,0.006766380422639193,0.006766380422639193,0,0,0,0
CF1: decile 10 πₐ,10,50 to 54,12,0.09707516400675405,0.09707516400675405,0,0,0.00840945493579238,0.00840945493579238,0,0,0,0
CF1: decile 10 πₐ,10,55 to 59,13,0.15878384352452923,0.15878384352452923,0,0,0.017129210795238287,0.017129210795238287,0,0,0,0
CF1: decile 10 πₐ,10,60 to 64,14,0.29294784220492426,0.29294784220492426,0,0,0.038828493802798715,0.038828493802798715,0,0,0,0
CF1: decile 10 πₐ,10,65 to 69,15,0.3717382501378474,0.3717382501378474,0,0,0.059882230866965196,0.059882230866965196,0,0,0,0
CF1: decile 10 πₐ,10,70 to 74,16,0.8524980740228655,0.8524980740228655,0,0,0.15957326416718404,0.15957326416718404,0,0,0,0
CF1: decile 10 πₐ,10,75+,17,2.2655562352239156,2.2655562352239156,0,0,0.5149087281876689,0.5149087281876689,0,0,0,0
CF2: decile 5 πₐ,1,Under 1,1,0.01166002539051024,0.009970979526209522,0.001689045864300718,14.4857820436256,4.5623872969628693e-4,3.900503909906285e-4,6.618833870565842e-5,14.507391503066666,0.1273350555299598,0.004989856085411937
CF2: decile 5 πₐ,1,1 to 4,2,0.05425738371424643,0.047017629633109556,0.007239754081136876,13.343352711708295,0.0021230102443043574,0.0018392782321440815,2.837320121602759e-4,13.364608716395798,2.40669863574418,0.09432053063270021
CF2: decile 5 πₐ,1,5 to 9,3,0.12405543239655119,0.11442584920373883,0.00962958319281236,7.762322863887795,0.004962056065621336,0.004576126410981002,3.8592965464033426e-4,7.7776157612199235,4.183507455726675,0.1676645349280508
CF2: decile 5 πₐ,1,10 to 14,4,0.034960806408514,0.03013369294860313,0.004827113459910867,13.807214294505865,0.0013620592190505519,0.0011737752709663444,1.8828394808420752e-4,13.823477382683425,1.95937809974491,0.07642651192551747
CF2: decile 5 πₐ,1,15 to 19,5,0.013805119436838667,0.01067089366175153,0.0031342257750871377,22.703358630302922,4.183205425939299e-4,3.232816282334992e-4,9.503891436043067e-5,22.719160233229662,1.081803810016666,0.032803463130253625
CF2: decile 5 πₐ,1,20 to 24,6,0.020988172816586582,0.014558076879206659,0.006430095937379924,30.63675906221971,7.363908228191117e-4,5.106562799731591e-4,2.2573454284595265e-4,30.65417653926989,2.3144225383943016,0.08124997181141407
CF2: decile 5 πₐ,1,25 to 29,7,0.13610799105935464,0.08666114276956334,0.049446848289791304,36.32912946913475,0.006101089069799695,0.003883629923503155,0.00221745914629654,36.34530033781889,20.699397149184517,0.928270842709305
CF2: decile 5 πₐ,1,30 to 34,8,0.18427387858869898,0.11393598133720251,0.07033789725149647,38.17030269845859,0.009213230283901792,0.005695078360762898,0.003518151923138894,38.18586765692956,29.64784093337619,1.482921905153403
CF2: decile 5 πₐ,1,35 to 39,9,0.2598911665690281,0.1580578054866026,0.10183336108242552,39.18307898909607,0.014133747533035495,0.008593619544799879,0.0055401279882356155,39.19787002906629,39.240931043069786,2.1348581451629385
CF2: decile 5 πₐ,1,40 to 44,10,0.37073209323702105,0.217572454012705,0.15315963922431605,41.31275441708148,0.022968155436287815,0.013476055287346106,0.00949210014894171,41.32722009511031,50.003263977232905,3.098962571664961
CF2: decile 5 πₐ,1,45 to 49,11,0.5410025339861971,0.3096075036372977,0.2313950303488994,42.77152431134511,0.04095953169375447,0.023434389735144504,0.017525141958609967,42.78648029875354,74.75843382467637,5.66197192483064
CF2: decile 5 πₐ,1,50 to 54,12,0.5767228744502194,0.34419435171518736,0.23252852273503205,40.318935321699826,0.05286339014944503,0.03154082211503982,0.021322568034405208,40.335226276873684,77.42613662273978,7.099877668172182
CF2: decile 5 πₐ,1,55 to 59,13,0.8058972311961783,0.5096137785751661,0.2962834526210122,36.76442121301796,0.09197837266380618,0.05814692060305614,0.03383145206075004,36.78196415195204,92.28405819392049,10.537556732041644
CF2: decile 5 πₐ,1,60 to 64,14,1.355468139935705,0.966827840173646,0.38864029976205894,28.672035019612757,0.18995767774926067,0.1354566030272197,0.054501074722040965,28.691167089324498,101.39492143084125,14.219143492635917
CF2: decile 5 πₐ,1,65 to 69,15,1.2977005416471608,0.9885094520016102,0.30919108964555053,23.826073868559597,0.22076206535005707,0.1681197675014856,0.05264229784857147,23.845717227322478,65.04486436047073,11.074417206230464
CF2: decile 5 πₐ,1,70 to 74,16,1.8502015255293294,1.4695553501102303,0.38064617541909906,20.5732278439344,0.36555861170244813,0.29027410386130753,0.0752845078411406,20.594374043202556,69.70288264215702,13.785892394809746
CF2: decile 5 πₐ,1,75+,17,3.8878628568542557,3.1922815833606815,0.6955812734935742,17.891095933779475,0.9319364002911131,0.7650024002330273,0.16693400005808579,17.91259575287969,212.67263139687256,51.03974821468041
CF2: decile 5 πₐ,2,Under 1,1,0.0096366100915191,0.008587401331353033,0.0010492087601660666,10.887736975987487,3.769629515740553e-4,3.3568550801490863e-4,4.127744355914665e-5,10.950000095974312,0.07066377852604137,0.00278001884898773
CF2: decile 5 πₐ,2,1 to 4,2,0.04344930468050568,0.039024768528483904,0.004424536152021777,10.183215092983813,0.0016996510289421735,0.0015255268571716192,1.7412417177055427e-4,10.24470134195285,1.287422512459323,0.05066550955817399
CF2: decile 5 πₐ,2,5 to 9,3,0.10056620178796025,0.09404417689641793,0.0065220248915423135,6.485304978797686,0.004021726741388507,0.0037590017771709124,2.627249642175944e-4,6.532640855825234,2.4875693457836445,0.10020608296164345
CF2: decile 5 πₐ,2,10 to 14,4,0.026821484436555448,0.02487396422084872,0.001947520215706728,7.261045600639539,0.0010447274128920852,9.683269458731662e-4,7.6400467018919e-5,7.3129570523493825,0.6971612088640091,0.027349365369928064
CF2: decile 5 πₐ,2,15 to 19,5,0.011150252531246296,0.009315980374898107,0.0018342721563481892,16.450498777565958,3.3779775840944736e-4,2.820626736080665e-4,5.573508480138088e-5,16.49954252621888,0.5776273583560502,0.01755143569625273
CF2: decile 5 πₐ,2,20 to 24,6,0.018170915342665024,0.014589293479417186,0.003581621863247838,19.71073991434128,6.373764752959965e-4,5.11392379467666e-4,1.259840958283305e-4,19.766041062281708,1.3113932199215803,0.04612845671469225
CF2: decile 5 πₐ,2,25 to 29,7,0.111425008928104,0.08511827043446375,0.02630673849364025,23.60936628743233,0.004993338969043932,0.0038117901776236157,0.0011815487914203161,23.66249915628191,10.969884319461757,0.4927046947615416
CF2: decile 5 πₐ,2,30 to 34,8,0.14904802241916223,0.11125966147704036,0.037788360942121874,25.3531447977559,0.007450019963964392,0.005557346231612734,0.0018926737323516586,25.404948463312664,15.925725009255714,0.7976583435264931
CF2: decile 5 πₐ,2,35 to 39,9,0.20987576927889193,0.15337459999083344,0.056501169288058484,26.92124464019346,0.011410736212484904,0.008333150430049287,0.003077585782435617,26.970965984371087,21.88696079943256,1.1921700068479053
CF2: decile 5 πₐ,2,40 to 44,10,0.3024390060252399,0.21426757980231967,0.08817142622292021,29.153457214960532,0.01873223362613562,0.01326205862979058,0.005470174996345041,29.201936648456773,29.044001954979777,1.801896374980345
CF2: decile 5 πₐ,2,45 to 49,11,0.454044830944586,0.3077048668135388,0.14633996413104716,32.2302896448803,0.03436661915303058,0.023273586949750028,0.011093032203280555,32.27850884570451,47.37832433221492,3.5914268578341635
CF2: decile 5 πₐ,2,50 to 54,12,0.5062941902810062,0.3435747424130866,0.1627194478679196,32.13930773679353,0.04639452043918197,0.03146033709101512,0.014934183348166853,32.18954136565308,54.67411161932482,5.017920218017858
CF2: decile 5 πₐ,2,55 to 59,13,0.7290427822142391,0.5076597469590663,0.22138303525517278,30.366261165468387,0.08318287638366034,0.057879966153125156,0.025302910230535186,30.418412214831093,68.9998306799927,7.886315767626955
CF2: decile 5 πₐ,2,60 to 64,14,1.2438267723717726,0.9336784843032043,0.3101482880685683,24.935006622921186,0.1742628066122488,0.13071480209196662,0.04354800452028218,24.98984457261761,79.07524819440734,11.10297686070469
CF2: decile 5 πₐ,2,65 to 69,15,1.1900090338992722,0.9476204623942206,0.24238857150505155,20.36863289271201,0.20238671685810308,0.16104950469087176,0.041337212167231324,20.424864244531214,49.70241004752621,8.476303385923053
CF2: decile 5 πₐ,2,70 to 74,16,1.7620547644311852,1.4667815977355099,0.2952731666956754,16.757320638158117,0.3480450203790846,0.2895121288979681,0.058532891481116456,16.81762072543473,54.713969840953126,10.846115463320539
CF2: decile 5 πₐ,2,75+,17,3.823470145221227,3.303190212594264,0.5202799326269631,13.607532238148536,0.9162452286121948,0.7910004582883005,0.12524477032389436,13.669350345605435,166.69050651397802,40.12669506222437
CF2: decile 5 πₐ,3,Under 1,1,0.008414509682699451,0.007761962894381624,6.525467883178272e-4,7.7550185682178006,3.2889000083273804e-4,3.030273484316807e-4,2.5862652401057362e-5,7.863617724945734,0.040286089943923645,0.00159667499629155
CF2: decile 5 πₐ,3,1 to 4,2,0.03682917478888643,0.034118923414368355,0.002710251374518073,7.3589793690840954,0.0014395263377915725,0.0013320428232058068,1.0748351458576572e-4,7.466588958049905,0.7090610774545235,0.02812003985214613
CF2: decile 5 πₐ,3,5 to 9,3,0.08420677238744655,0.0799664809954601,0.0042402913919864504,5.03557050313757,0.0033653612425517524,0.0031929708400342807,1.7239040251747174e-4,5.122493250880799,1.4400277163176873,0.058544787304352065
CF2: decile 5 πₐ,3,10 to 14,4,0.02199056900556452,0.02075896792507021,0.001231601080494308,5.6005875981774835,8.559634298381909e-4,8.072165227579123e-4,4.874690708027863e-5,5.6949754371508154,0.38835658023094377,0.01537119642906978
CF2: decile 5 πₐ,3,15 to 19,5,0.009186325005890632,0.008157886013358385,0.001028438992532247,11.195325572225798,2.781058623587988e-4,2.467177785230531e-4,3.1388083835745724e-5,11.286379787007268,0.29317586120920924,0.008947763141101513
CF2: decile 5 πₐ,3,20 to 24,6,0.017023526242402724,0.014833151796635044,0.00219037444576768,12.866749312559156,5.966605463943826e-4,5.192882386832128e-4,7.737230771116984e-5,12.967558887332236,0.8143588189287365,0.0287662327540421
CF2: decile 5 πₐ,3,25 to 29,7,0.10013677357832215,0.08583616712985882,0.01430060644846333,14.28107371292334,0.004483928100312875,0.0038390926753323275,6.448354249805476e-4,14.38103846793513,6.001488095877548,0.27061594490887786
CF2: decile 5 πₐ,3,30 to 34,8,0.13073352985522146,0.10985013144063695,0.020883398414584517,15.974018629888956,0.006529344682631883,0.005479934333824685,0.0010494103488071982,16.072215510365677,8.754161807721955,0.4399048379855814
CF2: decile 5 πₐ,3,35 to 39,9,0.18022719109023652,0.1484651034385735,0.031762087651663024,17.623360525970977,0.009790977690858516,0.008056134203071906,0.0017348434877866095,17.71879726992301,12.135364159453006,0.662832925682823
CF2: decile 5 πₐ,3,40 to 44,10,0.25777925522994083,0.2069154973468351,0.05086375788310574,19.73151712217297,0.01595349005703648,0.012790762780691115,0.0031627272763453656,19.824673253551854,16.378881711605057,1.0184449223035772
CF2: decile 5 πₐ,3,45 to 49,11,0.3804951527322699,0.2977157521310618,0.08277940060120814,21.755704378040974,0.028776418150331388,0.02248907205719913,0.006287346093132258,21.84895305693163,25.96488920575034,1.9721119447681013
CF2: decile 5 πₐ,3,50 to 54,12,0.4287025105928543,0.32983341725167337,0.09886909334118094,23.06240129185493,0.03925126317752751,0.03016173223323242,0.009089530944295088,23.157295354252728,31.880452037325504,2.9309296314815816
CF2: decile 5 πₐ,3,55 to 59,13,0.6366568596314933,0.49029217894238547,0.14636468068910785,22.989570987081795,0.07258019377496487,0.05582477553878054,0.01675541823618433,23.08538647352549,43.947891419151645,5.031031379014248
CF2: decile 5 πₐ,3,60 to 64,14,1.1222858409989391,0.9052988281715411,0.21698701282739807,19.334380324557905,0.15710337958462126,0.12657382521178148,0.030529554372839773,19.43278015632726,53.69910418589928,7.555335684169565
CF2: decile 5 πₐ,3,65 to 69,15,1.1181806198931952,0.9331669294800461,0.18501369041314908,16.54595752435961,0.19001694315486997,0.15838900973992612,0.031627933414943854,16.644796453317355,37.529427003590676,6.4156237071967634
CF2: decile 5 πₐ,3,70 to 74,16,1.7091401406131588,1.4805388719977577,0.2286012686154011,13.37522086008639,0.3373128222769592,0.29184285468840676,0.04546996758855243,13.480059038852122,42.936505372096505,8.540291659183756
CF2: decile 5 πₐ,3,75+,17,3.7164180381680834,3.35523829843943,0.36117973972865336,9.71849065469201,0.8898554826754953,0.8024133931363605,0.08744208953913479,9.826549506244083,118.54540373123736,28.69999799907766
CF2: decile 5 πₐ,4,Under 1,1,0.00700095464759378,0.006675147108557281,3.258075390364986e-4,4.653758743437629,2.729448488584376e-4,2.5985879289457526e-4,1.3086055963862332e-5,4.7943956512069565,0.016139259323729897,6.482331604424807e-4
CF2: decile 5 πₐ,4,1 to 4,2,0.030231907516976242,0.028881337637606825,0.001350569879369417,4.467365741348032,0.0011786773222615284,0.0011243748325889026,5.4302489672625794e-5,4.607070030704892,0.28150009505559226,0.011318300695212162
CF2: decile 5 πₐ,4,5 to 9,3,0.06881100203405906,0.0665642103160299,0.002246791718029162,3.265163493647539,0.0027442466904306693,0.0026513986243509448,9.284806607972457e-5,3.383371706468321,0.6036031983342843,0.024943740532404494
CF2: decile 5 πₐ,4,10 to 14,4,0.017856137267216146,0.01721798127634964,6.381559908665048e-4,3.5738748045925846,6.934603263579032e-4,6.678003260649946e-4,2.566000029290854e-5,3.7002838255616526,0.1588846601924772,0.0063886894198733595
CF2: decile 5 πₐ,4,15 to 19,5,0.007808743057826248,0.007325230192348451,4.8351286547779725e-4,6.191942312574883,2.3587242008468005e-4,2.2097586380770794e-4,1.4896556276972105e-5,6.315514239275674,0.11444828441808075,0.0035260391839876224
CF2: decile 5 πₐ,4,20 to 24,6,0.015367526926606739,0.014269218597579418,0.0010983083290273202,7.146942603534677,5.372946320147165e-4,4.981720919571405e-4,3.9122540057575966e-5,7.281394178623471,0.3580938277121786,0.012755562121109917
CF2: decile 5 πₐ,4,25 to 29,7,0.08548560376733995,0.07875935094688603,0.006726252820453915,7.868287201620844,0.0038183852102866927,0.0035128043675390947,3.05580842747598e-4,8.002881477865726,2.3706222557308183,0.107699898603209
CF2: decile 5 πₐ,4,30 to 34,8,0.1084221432473954,0.09938345509287207,0.009038688154523328,8.33657026489417,0.005401424502070085,0.004943885399301161,4.575391027689243e-4,8.470711801925091,3.1646387806988776,0.16019426310045845
CF2: decile 5 πₐ,4,35 to 39,9,0.14892387982486174,0.13420191101022602,0.014721968814635722,9.8855662583792,0.008070089513118163,0.007261665391229723,8.084241218884406e-4,10.017535996029832,4.716971205943996,0.2590219659579336
CF2: decile 5 πₐ,4,40 to 44,10,0.21484194033397142,0.19187651535708675,0.02296542497688467,10.689451482883165,0.01326303090244226,0.011827968067100637,0.001435062835341623,10.820021802688931,6.315412213453002,0.394637302227638
CF2: decile 5 πₐ,4,45 to 49,11,0.31565161016236926,0.2793508758556867,0.03630073430668257,11.500253170896132,0.02381227847397771,0.021042496419837204,0.0027697820541405065,11.631738882809351,9.736070747441477,0.7428718605601721
CF2: decile 5 πₐ,4,50 to 54,12,0.35749235214723957,0.312454253564586,0.04503809858265356,12.598339044775935,0.03264591630050806,0.0284894398245652,0.004156476475942861,12.731995137407658,12.558154368728507,1.158967071380386
CF2: decile 5 πₐ,4,55 to 59,13,0.551137591870705,0.4769490371916114,0.07418855467909358,13.46098610825624,0.06266618605908991,0.05414727539201579,0.008518910667074123,13.594110640531682,19.68032051702541,2.259848478099154
CF2: decile 5 πₐ,4,60 to 64,14,0.9982163311358799,0.8856091753359909,0.112607155799889,11.280836857452757,0.13937336233968675,0.12346355255785563,0.015909809781831125,11.415244286820785,24.926268002865264,3.521731631347365
CF2: decile 5 πₐ,4,65 to 69,15,1.0433702727748626,0.9398088842972998,0.1035613884775628,9.925660255025223,0.17685770449248328,0.15906832405766497,0.017789380434818314,10.058583812261562,19.30154194829481,3.3155452794186138
CF2: decile 5 πₐ,4,70 to 74,16,1.7101496785707369,1.568734358599759,0.14141531997097778,8.269177940562846,0.3366474526851006,0.3083472344400098,0.028300218245090825,8.406485187803515,25.393449577237913,5.081770243697971
CF2: decile 5 πₐ,4,75+,17,3.7180351430441436,3.507251041832823,0.21078410121132052,5.669233697418495,0.8879698582118202,0.8363874434703402,0.051582414741479954,5.809027667375536,65.93887858741367,16.136352615485556
CF2: decile 5 πₐ,5,Under 1,1,0.005834115780923774,0.005834115780923774,0,0,2.2614671702066174e-4,2.2614671702066174e-4,0,0,0,0
CF2: decile 5 πₐ,5,1 to 4,2,0.025358225842045147,0.025358225842045147,0,0,9.830268410919187e-4,9.830268410919187e-4,0,0,0,0
CF2: decile 5 πₐ,5,5 to 9,3,0.05942990967444669,0.05942990967444669,0,0,0.002358539748132076,0.002358539748132076,0,0,0,0
CF2: decile 5 πₐ,5,10 to 14,4,0.015575917820579882,0.015575917820579882,0,0,6.017754336988127e-4,6.017754336988127e-4,0,0,0,0
CF2: decile 5 πₐ,5,15 to 19,5,0.0064646670164209595,0.0064646670164209595,0,0,1.942533553489782e-4,1.942533553489782e-4,0,0,0,0
CF2: decile 5 πₐ,5,20 to 24,6,0.011857778079307778,0.011857778079307778,0,0,4.122293703793856e-4,4.122293703793856e-4,0,0,0,0
CF2: decile 5 πₐ,5,25 to 29,7,0.06562143498840793,0.06562143498840793,0,0,0.0029143884537432504,0.0029143884537432504,0,0,0,0
CF2: decile 5 πₐ,5,30 to 34,8,0.08429668988823576,0.08429668988823576,0,0,0.004175654839962287,0.004175654839962287,0,0,0,0
CF2: decile 5 πₐ,5,35 to 39,9,0.11858159076353793,0.11858159076353793,0,0,0.006389217525466068,0.006389217525466068,0,0,0,0
CF2: decile 5 πₐ,5,40 to 44,10,0.1749155714707641,0.1749155714707641,0,0,0.010736866625718407,0.010736866625718407,0,0,0,0
CF2: decile 5 πₐ,5,45 to 49,11,0.26330028959976526,0.26330028959976526,0,0,0.01974882698499822,0.01974882698499822,0,0,0,0
CF2: decile 5 πₐ,5,50 to 54,12,0.2954149160265013,0.2954149160265013,0,0,0.026817496956831097,0.026817496956831097,0,0,0,0
CF2: decile 5 πₐ,5,55 to 59,13,0.4618830630207965,0.4618830630207965,0,0,0.052207075768971975,0.052207075768971975,0,0,0,0
CF2: decile 5 πₐ,5,60 to 64,14,0.8633433497505432,0.8633433497505432,0,0,0.11983786178604142,0.11983786178604142,0,0,0,0
CF2: decile 5 πₐ,5,65 to 69,15,0.9487414985454001,0.9487414985454001,0,0,0.15990242004691474,0.15990242004691474,0,0,0,0
CF2: decile 5 πₐ,5,70 to 74,16,1.646069794546865,1.646069794546865,0,0,0.32216954948435345,0.32216954948435345,0,0,0,0
CF2: decile 5 πₐ,5,75+,17,3.6875174994453697,3.6875174994453697,0,0,0.8756541935566196,0.8756541935566196,0,0,0,0
CF2: decile 5 πₐ,6,Under 1,1,0.004725684329535205,0.005060549885725468,-3.348655561902633e-4,0,1.8163883945058342e-4,1.9532234888296117e-4,-1.368350943237775e-5,0,-0.01216126592408103,-4.969421127542512e-4
CF2: decile 5 πₐ,6,1 to 4,2,0.02103523991935428,0.022479155887099735,-0.0014439159677454537,0,8.086157511336085e-4,8.677070919290166e-4,-5.909134079540811e-5,0,-0.22561535570136043,-0.00923316465101699
CF2: decile 5 πₐ,6,5 to 9,3,0.05079121030481395,0.053515790188229856,-0.0027245798834159077,0,0.0020005886217883107,0.002115710148102687,-1.1512152631437634e-4,0,-0.5538703731600325,-0.02340265489245073
CF2: decile 5 πₐ,6,10 to 14,4,0.013628890470756102,0.014408233717739085,-7.793432469829827e-4,0,5.22446312115723e-4,5.544621594664722e-4,-3.2015847350749175e-5,0,-0.15158777835128595,-0.006227308943423671
CF2: decile 5 πₐ,6,15 to 19,5,0.0054271313341107946,0.005897049594688014,-4.6991826057721925e-4,0,1.617923026682741e-4,1.7649147057829245e-4,-1.4699167910018344e-5,0,-0.0845189557312298,-0.002643775367117499
CF2: decile 5 πₐ,6,20 to 24,6,0.009649595707319748,0.010611895142263347,-9.622994349435983e-4,0,3.3264930584817347e-4,3.673523322238466e-4,-3.470302637567315e-5,0,-0.22342540931676208,-0.008057302738590521
CF2: decile 5 πₐ,6,25 to 29,7,0.05300570256409891,0.058556986911687814,-0.005551284347588906,0,0.002334255119369167,0.0025895706869299034,-2.5531556756073657e-4,0,-1.3837505847253655,-0.0636416806959463
CF2: decile 5 πₐ,6,30 to 34,8,0.06723564289295772,0.07480267716827388,-0.007567034275316159,0,0.0033028310106097488,0.003689724451334484,-3.8689344072473505e-4,0,-1.8894024818881288,-0.09660289626493203
CF2: decile 5 πₐ,6,35 to 39,9,0.09563151035379629,0.10681559069827232,-0.01118408034447603,0,0.0051091942034054896,0.005730677475996166,-6.214832725906765e-4,0,-2.6786029747104623,-0.1488461180016827
CF2: decile 5 πₐ,6,40 to 44,10,0.14335596724191269,0.163561162124305,-0.020205194882392308,0,0.00872568501339748,0.009997296684735283,-0.0012716116713378037,0,-4.4237025020386564,-0.2784052202842484
CF2: decile 5 πₐ,6,45 to 49,11,0.21512035987642777,0.24881785912711182,-0.03369749925068405,0,0.015998508924729673,0.018583074876118957,-0.002584565951389284,0,-7.48167493409075,-0.5738373091178594
CF2: decile 5 πₐ,6,50 to 54,12,0.24154614118274664,0.2803077207594483,-0.03876157957670168,0,0.021737947697017007,0.02533501565284491,-0.003597067955827902,0,-9.120940427143063,-0.8464217118027815
CF2: decile 5 πₐ,6,55 to 59,13,0.38348111941604096,0.4470418706820148,-0.06356075126597382,0,0.04297155835407701,0.0503100186021789,-0.007338460248101891,0,-14.602305140346354,-1.6859214793524804
CF2: decile 5 πₐ,6,60 to 64,14,0.7224583235099151,0.836750274745658,-0.11429195123574287,0,0.09942689591173205,0.11564604480926904,-0.016219148897536992,0,-22.2931144720483,-3.1636116025894876
CF2: decile 5 πₐ,6,65 to 69,15,0.8302723191823025,0.9383175697446939,-0.10804525056239145,0,0.13876887379510452,0.15748047541384527,-0.018711601618740747,0,-18.542784507124992,-3.2112952193037256
CF2: decile 5 πₐ,6,70 to 74,16,1.5235134998156523,1.6953060360926246,-0.17179253627697233,0,0.2956890392335007,0.3304060428067634,-0.034717003573262684,0,-30.088367713365926,-6.080461887671574
CF2: decile 5 πₐ,6,75+,17,3.47302734626371,3.7591495383136593,-0.2861221920499495,0,0.8178956078155666,0.8889193780342904,-0.07102377021872386,0,-87.98737217093687,-21.84100037276036
CF2: decile 5 πₐ,7,Under 1,1,0.003335179254668132,0.004051906518190881,-7.167272635227491e-4,0,1.2578212999595515e-4,1.547397781399145e-4,-2.8957648143959348e-5,0,-0.02421687533458527,-9.784248357433802e-4
CF2: decile 5 πₐ,7,1 to 4,2,0.01507184380741312,0.01823070485556379,-0.00315886104815067,0,5.685352215596476e-4,6.963275494582499e-4,-1.277923278986023e-4,0,-0.46184758467993453,-0.01868413237586022
CF2: decile 5 πₐ,7,5 to 9,3,0.03902072272307194,0.04566845146018053,-0.006647728737108588,0,0.001510062027936837,0.0017881660042381989,-2.7810397630136183e-4,0,-1.2898840122667172,-0.053961568975654954
CF2: decile 5 πₐ,7,10 to 14,4,0.010649068240989884,0.012558841629800565,-0.0019097733888106816,0,4.00897794128349e-4,4.785393569553734e-4,-7.764156282702439e-5,0,-0.3589835822795976,-0.014594425977832415
CF2: decile 5 πₐ,7,15 to 19,5,0.004053924092637169,0.005148281243230509,-0.0010943571505933397,0,1.1866190237668015e-4,1.525536883775588e-4,-3.3891786000878646e-5,0,-0.19111666573729985,-0.005918803685668944
CF2: decile 5 πₐ,7,20 to 24,6,0.0063466886566715015,0.008123903251628789,-0.0017772145949572875,0,2.1462289828807883e-4,2.782454639500693e-4,-6.36225656619905e-5,0,-0.3641237218967717,-0.013035277490517399
CF2: decile 5 πₐ,7,25 to 29,7,0.03494449683120044,0.044670526685862313,-0.009726029854661873,0,0.0015094607740721985,0.0019544512160534085,-4.4499044198121e-4,0,-2.1231023680317898,-0.09713729807943967
CF2: decile 5 πₐ,7,30 to 34,8,0.045105068913989195,0.058219247187125706,-0.01311417827313651,0,0.002174898735237265,0.0028418941296166037,-6.669953943793387e-4,0,-2.903779832741799,-0.14768807731535905
CF2: decile 5 πₐ,7,35 to 39,9,0.06604624319932978,0.08793659176268433,-0.021890348563354547,0,0.0034614746614717883,0.0046679273805913905,-0.0012064527191196022,0,-4.861577120767077,-0.2679383071303765
CF2: decile 5 πₐ,7,40 to 44,10,0.10220593996943206,0.13967162718017043,-0.03746568721073837,0,0.006102978890797196,0.008447284474728898,-0.002344305583931702,0,-7.85383901058549,-0.49143096039458284
CF2: decile 5 πₐ,7,45 to 49,11,0.158768886448477,0.22238103404030837,-0.06361214759183137,0,0.011582755301424993,0.016433243560989384,-0.004850488259564391,0,-14.1092659999264,-1.075845285445169
CF2: decile 5 πₐ,7,50 to 54,12,0.17626286890238116,0.25053324076807143,-0.07427037186569027,0,0.015557475675505408,0.022400070032366527,-0.006842594356861119,0,-17.68101818438169,-1.6289676786699705
CF2: decile 5 πₐ,7,55 to 59,13,0.28431797559513894,0.4075237954641837,-0.12320581986904477,0,0.03124976213434356,0.045372206844062,-0.014122444709718438,0,-28.721013086554077,-3.2921409049757777
CF2: decile 5 πₐ,7,60 to 64,14,0.5401742181623527,0.7652872364861659,-0.22511301832381325,0,0.07293183935318212,0.1046475428943443,-0.03171570354116218,0,-45.105756694007844,-6.354855965056439
CF2: decile 5 πₐ,7,65 to 69,15,0.6487820276124129,0.8812024945248729,-0.23242046691246,0,0.10642036411654036,0.146363427954428,-0.039943063837887635,0,-41.53438380276761,-7.137970961594061
CF2: decile 5 πₐ,7,70 to 74,16,1.2613497368534148,1.6564594110923052,-0.39510967423889043,0,0.24028894898001976,0.31950543244897794,-0.07921648346895818,0,-73.49193367007805,-14.734573533012407
CF2: decile 5 πₐ,7,75+,17,2.9114919445716634,3.6161951428191976,-0.7047031982475342,0,0.6732014692863649,0.8463705316767792,-0.1731690623904143,0,-229.53781129074721,-56.40509034614081
CF2: decile 5 πₐ,8,Under 1,1,0.002484120648010598,0.0034865855231444396,-0.0010024648751338415,0,9.24561865360865e-5,1.3227409214994193e-4,-3.981790561385543e-5,0,-0.03348190896910009,-0.001329901450088544
CF2: decile 5 πₐ,8,1 to 4,2,0.011561374520903406,0.01611509877808795,-0.004553724257184543,0,4.3041173401642025e-4,6.11502009835214e-4,-1.8109027581879376e-4,0,-0.670973043998147,-0.026682927367175435
CF2: decile 5 πₐ,8,5 to 9,3,0.03195082767250469,0.04231974156698516,-0.01036891389448047,0,0.0012206569247271656,0.0016470271589974935,-4.263702342703279e-4,0,-2.0676836054029786,-0.08502324854890277
CF2: decile 5 πₐ,8,10 to 14,4,0.008958016801150484,0.011987086685460216,-0.003029069884309732,0,3.329013133064406e-4,4.539761607663599e-4,-1.2107484745991928e-4,0,-0.5949197025789003,-0.02377951483184586
CF2: decile 5 πₐ,8,15 to 19,5,0.003218597666381559,0.004784027688471149,-0.0015654300220895897,0,9.297112960021932e-5,1.4087249169257682e-4,-4.7901362092357496e-5,0,-0.2822683746174193,-0.008637268628412957
CF2: decile 5 πₐ,8,20 to 24,6,0.004434618433715714,0.006694757125879733,-0.002260138692164019,0,1.479328301245795e-4,2.2776051079630413e-4,-7.982768067172464e-5,0,-0.43823874391889084,-0.015478511397917413
CF2: decile 5 πₐ,8,25 to 29,7,0.024712412059566764,0.03752854566667269,-0.012816133607105928,0,0.0010529834514200857,0.0016309399835918864,-5.779565321718007e-4,0,-2.68597254500942,-0.121126653732885
CF2: decile 5 πₐ,8,30 to 34,8,0.03245820086606649,0.04943702681521002,-0.01697882594914353,0,0.0015455564460341248,0.0023977125377054828,-8.52156091671358e-4,0,-3.6176885727835604,-0.18156940676000513
CF2: decile 5 πₐ,8,35 to 39,9,0.048802594911926664,0.07753079793183727,-0.02872820301991061,0,0.0025233392587807758,0.00408836404128772,-0.0015650247825069446,0,-6.308606250689224,-0.34367360598795904
CF2: decile 5 πₐ,8,40 to 44,10,0.07752561813750003,0.12887973255188154,-0.05135411441438151,0,0.004567027250059292,0.007743295317092444,-0.003176268067033152,0,-11.109694578488435,-0.6871380906193189
CF2: decile 5 πₐ,8,45 to 49,11,0.12035911580651748,0.20819134182450522,-0.08783222601798774,0,0.008662294976217382,0.01528290424841436,-0.006620609272196978,0,-20.39728200479414,-1.5375044046008854
CF2: decile 5 πₐ,8,50 to 54,12,0.13280079366221356,0.2321857259405692,-0.09938493227835563,0,0.011563637553237503,0.020620188758862696,-0.009056551205625193,0,-24.76161453537797,-2.256426852971178
CF2: decile 5 πₐ,8,55 to 59,13,0.21654345348830342,0.3829565320366662,-0.16641307854836276,0,0.02348254785140985,0.04235338548259244,-0.01887083763118259,0,-40.67488143572143,-4.61243244783812
CF2: decile 5 πₐ,8,60 to 64,14,0.4085341011677501,0.7127204858369169,-0.30418638466916686,0,0.05442965368671518,0.09681673583865222,-0.04238708215193704,0,-63.698811309949264,-8.876159105254112
CF2: decile 5 πₐ,8,65 to 69,15,0.5059057068968117,0.8333883129576511,-0.32748260606083945,0,0.08190409400386003,0.13753000802694423,-0.0556259140230842,0,-61.54345556893292,-10.453718471768136
CF2: decile 5 πₐ,8,70 to 74,16,1.0295442193941529,1.6182953806229154,-0.5887511612287626,0,0.19361600040076993,0.31015577536358663,-0.1165397749628167,0,-117.28963572944063,-23.216782663921787
CF2: decile 5 πₐ,8,75+,17,2.41653905566135,3.498799706794265,-1.082260651132915,0,0.5517726528658866,0.813731415961442,-0.26195876309555544,0,-377.1953624001521,-91.29929141957558
CF2: decile 5 πₐ,9,Under 1,1,0.00198467606743221,0.00317887406675859,-0.00119419799932638,0,7.340220894284305e-5,1.204275632009924e-4,-4.702535425814935e-5,0,-0.038065506402784346,-0.0014989506971344025
CF2: decile 5 πₐ,9,1 to 4,2,0.009600750623222892,0.01523293716344243,-0.005632186540219538,0,3.5518189694572384e-4,5.772288863142636e-4,-2.2204698936853973e-4,0,-0.8128337648897367,-0.03204568759610477
CF2: decile 5 πₐ,9,5 to 9,3,0.028853138778990588,0.042685961607148624,-0.013832822828158037,0,0.0010954871038245237,0.0016594050164259375,-5.639179126014139e-4,0,-2.7972932745829593,-0.11403628918934451
CF2: decile 5 πₐ,9,10 to 14,4,0.008417282197150197,0.012593983101638366,-0.004176700904488169,0,3.1090313810335537e-4,4.764841099151628e-4,-1.6558097181180743e-4,0,-0.8515015068001247,-0.03375689335180222
CF2: decile 5 πₐ,9,15 to 19,5,0.002792961225230077,0.004757857658408616,-0.001964896433178539,0,8.015754729861163e-5,1.3992815523417715e-4,-5.9770607935565514e-5,0,-0.35596825109601304,-0.010828274923045505
CF2: decile 5 πₐ,9,20 to 24,6,0.0033436833615177524,0.005866021276171087,-0.0025223379146533343,0,1.1080146765120534e-4,1.9926380839335796e-4,-8.846234074215261e-5,0,-0.44825509281537507,-0.015721008089230933
CF2: decile 5 πₐ,9,25 to 29,7,0.018452188735562976,0.032405969943511845,-0.013953781207948868,0,7.810001621669998e-4,0.0014061553742721813,-6.251552121051815e-4,0,-2.6395597362438687,-0.11825715927348941
CF2: decile 5 πₐ,9,30 to 34,8,0.02483358991965545,0.043954135220482846,-0.019120545300827397,0,0.0011759917968239798,0.002128982538794819,-9.529907419708391e-4,0,-3.748494459408519,-0.18682942666863805
CF2: decile 5 πₐ,9,35 to 39,9,0.03817109304799455,0.07306437520015405,-0.0348932821521595,0,0.0019607908053909063,0.003847502937654255,-0.0018867121322633487,0,-7.3773004724026325,-0.3988974795761012
CF2: decile 5 πₐ,9,40 to 44,10,0.06352135820027396,0.1279618891014261,-0.06444053090115215,0,0.0037176160804780504,0.00767750631365822,-0.003959890233180169,0,-14.112487304459519,-0.8672166393000529
CF2: decile 5 πₐ,9,45 to 49,11,0.09834431705423864,0.20811949089110335,-0.1097751738368647,0,0.007031277028351872,0.015255687951747369,-0.008224410923395497,0,-26.040292704890817,-1.9509517524316489
CF2: decile 5 πₐ,9,50 to 54,12,0.10609862877914224,0.2287513355296074,-0.12265270675046518,0,0.009178240399207968,0.020284996257028697,-0.011106755857820729,0,-31.082564907080975,-2.8146664595031883
CF2: decile 5 πₐ,9,55 to 59,13,0.17503981765581433,0.3788086687943696,-0.20376885113855525,0,0.018858603377044463,0.041833361451130334,-0.02297475807408587,0,-50.39885984173966,-5.68242695389395
CF2: decile 5 πₐ,9,60 to 64,14,0.3269773765722129,0.698882773177507,-0.37190539660529415,0,0.04328540499916575,0.09480036947296747,-0.051514964473801717,0,-78.39595571406353,-10.859118771502725
CF2: decile 5 πₐ,9,65 to 69,15,0.4084157822784294,0.8267532708952331,-0.4183374886168037,0,0.06570329886776323,0.1362454776898445,-0.07054217882208126,0,-79.52188102238377,-13.409380951960753
CF2: decile 5 πₐ,9,70 to 74,16,0.8784906876370998,1.6551389046037335,-0.7766482169666337,0,0.16418891476551908,0.31679239737076703,-0.15260348260524795,0,-159.10297414675583,-31.262117670825432
CF2: decile 5 πₐ,9,75+,17,2.154210883056148,3.594149631885006,-1.4399387488288578,0,0.48894000207040805,0.8347866838176861,-0.345846681747278,0,-520.9447646678253,-125.12130698650817
CF2: decile 5 πₐ,10,Under 1,1,0.001691784523847859,0.0029095537461049184,-0.0012177692222570594,0,6.265160251766198e-5,1.1098193887308923e-4,-4.8330336355427255e-5,0,-0.0374600724384468,-0.001486700326925025
CF2: decile 5 πₐ,10,1 to 4,2,0.00891459045632488,0.015126099503204914,-0.006211509046880033,0,3.3025387034028327e-4,5.77132627433859e-4,-2.468787570935758e-4,0,-0.9251115877179643,-0.036768907076355835
CF2: decile 5 πₐ,10,5 to 9,3,0.030094252592787245,0.046699510889020523,-0.01660525829623328,0,0.0011443571992923386,0.0018272140082244367,-6.828568089320981e-4,0,-3.711640465877393,-0.1526335163968639
CF2: decile 5 πₐ,10,10 to 14,4,0.009898315036639484,0.015385341231474493,-0.005487026194835008,0,3.6646526385619927e-4,5.86279443407414e-4,-2.198141795512147e-4,0,-1.3074417116144905,-0.05237704668151613
CF2: decile 5 πₐ,10,15 to 19,5,0.0035917762602823847,0.006348812104264852,-0.002757035843982467,0,1.0335450979432968e-4,1.8812499324881603e-4,-8.477048345448635e-5,0,-0.621474506285818,-0.019108454635246318
CF2: decile 5 πₐ,10,20 to 24,6,0.003167777813725341,0.006041854846046077,-0.002874077032320736,0,1.0514213637889462e-4,2.0670917307192394e-4,-1.0156703669302932e-4,0,-0.5322771190462076,-0.018810146378495884
CF2: decile 5 πₐ,10,25 to 29,7,0.014400959549175203,0.02786725586010633,-0.013466296310931127,0,6.103320790897489e-4,0.001217657629365754,-6.073255502760051e-4,0,-2.274368530767439,-0.10257327535244584
CF2: decile 5 πₐ,10,30 to 34,8,0.019137525767617545,0.03753549791930961,-0.018397972151692064,0,9.082360089393127e-4,0.00183065825943413,-9.224222504948173e-4,0,-3.192807464524716,-0.16007832942353253
CF2: decile 5 πₐ,10,35 to 39,9,0.03248863394612613,0.07079108741151338,-0.03830245346538725,0,0.0016713393072454294,0.003754073288101384,-0.0020827339808559544,0,-7.9592471705136205,-0.432791976603808
CF2: decile 5 πₐ,10,40 to 44,10,0.059071923863427106,0.13922424173418113,-0.08015231787075403,0,0.0034626410298976723,0.008412677445857086,-0.004950036415959414,0,-19.148172486165013,-1.1825503444383083
CF2: decile 5 πₐ,10,45 to 49,11,0.09449038714447712,0.23779369988417162,-0.1433033127396945,0,0.006766380422639193,0.017556031410980093,-0.0107896509883409,0,-38.69974174537021,-2.9137966093634455
CF2: decile 5 πₐ,10,50 to 54,12,0.09707516400675405,0.25035239650416974,-0.1532772324974157,0,0.00840945493579238,0.02235892865239904,-0.013949473716606662,0,-43.16016919800189,-3.927926124592409
CF2: decile 5 πₐ,10,55 to 59,13,0.15878384352452923,0.4175556538339818,-0.25877181030945257,0,0.017129210795238287,0.04643709914558946,-0.029307888350351172,0,-71.18424723234033,-8.062160896483926
CF2: decile 5 πₐ,10,60 to 64,14,0.29294784220492426,0.7581616860782825,-0.46521384387335823,0,0.038828493802798715,0.1035539116064572,-0.06472541780365848,0,-108.5605086108371,-15.104073899242994
CF2: decile 5 πₐ,10,65 to 69,15,0.3717382501378474,0.9044501444926513,-0.5327118943548039,0,0.059882230866965196,0.15007404236408992,-0.09019181149712471,0,-111.47078716962265,-18.872775942079077
CF2: decile 5 πₐ,10,70 to 74,16,0.8524980740228655,1.8923311101766602,-1.0398330361537949,0,0.15957326416718404,0.3647265094099275,-0.20515324524274348,0,-236.60731201440782,-46.68129999741497
CF2: decile 5 πₐ,10,75+,17,2.2655562352239156,4.102700701905346,-1.8371444666814303,0,0.5149087281876689,0.959363775421568,-0.44445504723389917,0,-748.2953596424182,-181.03293205653497
